"","Player","alpha","n","l1/l2"
"1",1,1.20679264063933,11,0.05
"2",2,0.828642772854684,10,0.05
"3",3,0.828642772854684,11,0.05
"4",4,0.828642772854684,11,0.1
"5",5,0.568986602901829,11,0.9
